Adresse,Postnummer,Poststed,Lat,Lon
134/1-2,6008,ÅLESUND,62.47244494884965,6.20743052222797
134/212,6008,ÅLESUND,62.471510869562884,6.206298548392801
134/58,6008,ÅLESUND,62.47167564579528,6.199819211448937
134/58-1,6008,ÅLESUND,62.47167253766378,6.200008905163051
134/58-2,6008,ÅLESUND,62.471674201606454,6.200096270255351
Borgundvegen 150,6008,ÅLESUND,62.471224475233925,6.195929503353357
Borgundvegen 151,6008,ÅLESUND,62.47161712902906,6.196102420102753
Borgundvegen 152A,6008,ÅLESUND,62.47117983440776,6.196684693074247
Borgundvegen 152B,6008,ÅLESUND,62.471175768757554,6.196978488600829
Borgundvegen 155,6008,ÅLESUND,62.47144471213467,6.196724659535458
Borgundvegen 156,6008,ÅLESUND,62.47108742385831,6.1974587206066865
Borgundvegen 157A,6008,ÅLESUND,62.47147996719162,6.197200677698942
Borgundvegen 157B,6008,ÅLESUND,62.47169589169502,6.19734343518946
Borgundvegen 161A,6008,ÅLESUND,62.47171569708,6.197824011720694
Borgundvegen 161B,6008,ÅLESUND,62.47151159219745,6.1981130879567825
Borgundvegen 161C,6008,ÅLESUND,62.47151400840892,6.198233372052554
Borgundvegen 161D,6008,ÅLESUND,62.47151440903115,6.198360637203907
Borgundvegen 162A,6008,ÅLESUND,62.471148204214785,6.1982486526094815
Borgundvegen 162B,6008,ÅLESUND,62.47116979544077,6.1991045530655775
Borgundvegen 163,6008,ÅLESUND,62.471476803926535,6.198898794802549
Borgundvegen 165,6008,ÅLESUND,62.47159018758905,6.199235726656319
Borgundvegen 166A,6008,ÅLESUND,62.471147570539806,6.200386632883158
Borgundvegen 166B,6008,ÅLESUND,62.47100735846942,6.200377646721854
Borgundvegen 166C,6008,ÅLESUND,62.47085846145162,6.200387909506476
Borgundvegen 168A,6008,ÅLESUND,62.47115485550602,6.201031576179518
Borgundvegen 168B,6008,ÅLESUND,62.47102613101382,6.20102655645523
Borgundvegen 168C,6008,ÅLESUND,62.47088407022519,6.201037339998814
Borgundvegen 169,6008,ÅLESUND,62.47150284793442,6.199806683465084
Borgundvegen 170A,6008,ÅLESUND,62.47115199000118,6.201569186689616
Borgundvegen 170B,6008,ÅLESUND,62.47101434245972,6.2015760614417115
Borgundvegen 171A,6008,ÅLESUND,62.47148061694895,6.200068417176022
Borgundvegen 171B,6008,ÅLESUND,62.4716731510661,6.199900756326654
Borgundvegen 173,6008,ÅLESUND,62.47157219158116,6.200576422145948
Borgundvegen 175,6008,ÅLESUND,62.471509798790336,6.201048008321096
Borgundvegen 177,6008,ÅLESUND,62.47153511383602,6.201414348971423
Borgundvegen 185,6008,ÅLESUND,62.47155609617268,6.202460302139358
Borgundvegen 199,6008,ÅLESUND,62.47186956365134,6.203902324212009
Borgundvegen 200,6008,ÅLESUND,62.47138601263859,6.204280961970926
Borgundvegen 202,6008,ÅLESUND,62.47144834487602,6.204702057818294
Borgundvegen 204,6008,ÅLESUND,62.471547313228584,6.20515854042454
Borgundvegen 205,6008,ÅLESUND,62.47188023112839,6.204739280641567
Borgundvegen 207,6008,ÅLESUND,62.47216475351577,6.205042571000675
Borgundvegen 208,6008,ÅLESUND,62.471727355755924,6.2056268502203515
Borgundvegen 209A,6008,ÅLESUND,62.47222502013505,6.205696941989602
Borgundvegen 209B,6008,ÅLESUND,62.47268896993581,6.205653360977452
Borgundvegen 210,6008,ÅLESUND,62.471832570432326,6.2059469136451035
Borgundvegen 211A,6008,ÅLESUND,62.472295620177796,6.206194710508255
Borgundvegen 211B,6008,ÅLESUND,62.47268028519404,6.205955169333417
Borgundvegen 212,6008,ÅLESUND,62.471896837398624,6.206464868381412
Borgundvegen 213A,6008,ÅLESUND,62.47232053385892,6.206541695392798
Borgundvegen 213B,6008,ÅLESUND,62.47257757965387,6.206607905037448
Borgundvegen 213C,6008,ÅLESUND,62.47278233662528,6.206494058604744
Borgundvegen 213D,6008,ÅLESUND,62.47257082799883,6.206409813558671
Borgundvegen 214A,6008,ÅLESUND,62.471966468005384,6.20692332928462
Borgundvegen 214B,6008,ÅLESUND,62.47155257710263,6.207215068356945
Borgundvegen 215A,6008,ÅLESUND,62.47224295912127,6.207041091213388
Borgundvegen 215B,6008,ÅLESUND,62.47245652105904,6.207052955999166
Borgundvegen 215C,6008,ÅLESUND,62.472822158965556,6.2069217458996615
Borgundvegen 216,6008,ÅLESUND,62.4719575209413,6.207701185991135
Borgundvegen 217,6008,ÅLESUND,62.4724814326193,6.207399943517703
Borgundvegen 217B,6008,ÅLESUND,62.47234637067003,6.207728889745419
Borgundvegen 217C,6008,ÅLESUND,62.47233477916091,6.207495350214043
Borgundvegen 219A,6008,ÅLESUND,62.47260418613914,6.207698975421982
Borgundvegen 219B,6008,ÅLESUND,62.472921120192325,6.2073782569062965
Borgundvegen 219C,6008,ÅLESUND,62.472828318728276,6.207678030227645
Borgundvegen 220,6008,ÅLESUND,62.4720128161178,6.208219984446418
Borgundvegen 221,6008,ÅLESUND,62.47250396952762,6.208077063164847
Borgundvegen 222,6008,ÅLESUND,62.47204630242055,6.208546760412221
Borgundvegen 223A,6008,ÅLESUND,62.47245948200779,6.208546973992346
Borgundvegen 223C,6008,ÅLESUND,62.47308904072023,6.208138836138897
Borgundvegen 225A,6008,ÅLESUND,62.472515936807554,6.209123893529382
Borgundvegen 225B,6008,ÅLESUND,62.47303321193321,6.208939731002552
Borgundvegen 230,6008,ÅLESUND,62.472160262536725,6.210651391702143
Borgundvegen 232,6008,ÅLESUND,62.47221735868209,6.21093288607596
Borgundvegen 233,6008,ÅLESUND,62.472531327062676,6.210791410901619
Borgundvegen 234,6008,ÅLESUND,62.47222783162236,6.211330900902422
Borgundvegen 236,6008,ÅLESUND,62.47221152946149,6.211867840156498
Borgundvegen 238,6008,ÅLESUND,62.47227973056369,6.212332078434928
Borgundvegen 240,6008,ÅLESUND,62.472241635790056,6.212974291681333
Borgundvegen 242,6008,ÅLESUND,62.472268433504965,6.2140954139332845
Borgundvegen 245A,6008,ÅLESUND,62.47303921253169,6.2137326423145955
Borgundvegen 245B,6008,ÅLESUND,62.47275696426005,6.213991840050944
Borgundvegen 284,6008,ÅLESUND,62.471921780971535,6.221230710896069
Borgundvegen 286,6008,ÅLESUND,62.471869204088144,6.221720553944358
Borgundvegen 287A,6008,ÅLESUND,62.472540172491556,6.222938986680925
Borgundvegen 287B,6008,ÅLESUND,62.472635225561646,6.223201842129494
Borgundvegen 287C,6008,ÅLESUND,62.47272169829801,6.223484902952371
Borgundvegen 287D,6008,ÅLESUND,62.47279920504216,6.223768798411318
Borgundvegen 288,6008,ÅLESUND,62.47203980589163,6.222335581574847
Borgundvegen 289A,6008,ÅLESUND,62.472968292956246,6.224141220193687
Borgundvegen 289B,6008,ÅLESUND,62.47316429540474,6.22443749903796
Borgundvegen 289C,6008,ÅLESUND,62.473200211643615,6.224185198969456
Borgundvegen 289D,6008,ÅLESUND,62.47323355179114,6.22394101170696
Borgundvegen 289E,6008,ÅLESUND,62.472907462346335,6.224243904123498
Borgundvegen 289F,6008,ÅLESUND,62.47294711513472,6.2243609358516245
Borgundvegen 289G,6008,ÅLESUND,62.47299401512991,6.224467826912519
Borgundvegen 289H,6008,ÅLESUND,62.473052520637246,6.22452043478904
Borgundvegen 289I,6008,ÅLESUND,62.473117962188276,6.224546601929354
Borgundvegen 290,6008,ÅLESUND,62.472116483823065,6.222861926518948
Borgundvegen 295A,6008,ÅLESUND,62.473402087460364,6.225841522894775
Borgundvegen 295B,6008,ÅLESUND,62.47336213629495,6.226045704787434
Borgundvegen 296,6008,ÅLESUND,62.472793021662675,6.22526367220151
Borgundvegen 297,6008,ÅLESUND,62.47375613782579,6.227173163498697
Borgundvegen 300,6008,ÅLESUND,62.47280969315242,6.225650253789735
Borgundvegen 302,6008,ÅLESUND,62.47278934612424,6.225982052958542
Borgundvegen 304,6008,ÅLESUND,62.47276899830451,6.226313851695119
Borgundvegen 308,6008,ÅLESUND,62.47274700136895,6.2270145252065445
Borgundvegen 310,6008,ÅLESUND,62.472726651087555,6.227346322831221
Borgundvegen 312,6008,ÅLESUND,62.472705915019276,6.227658749345465
Borgundvegen 312A,6008,ÅLESUND,62.47263061559121,6.22793742451968
Byfogd Rønnebergs veg 10,6008,ÅLESUND,62.47218039236658,6.204478326282703
Byfogd Rønnebergs veg 11A,6008,ÅLESUND,62.47231105765906,6.203746707855358
Byfogd Rønnebergs veg 11B,6008,ÅLESUND,62.47223841195464,6.203698392110079
Byfogd Rønnebergs veg 12,6008,ÅLESUND,62.47235616741412,6.204733570893541
Byfogd Rønnebergs veg 13,6008,ÅLESUND,62.47244313895336,6.2041432414857764
Byfogd Rønnebergs veg 14,6008,ÅLESUND,62.472562331027916,6.2051606345688635
Byfogd Rønnebergs veg 15A,6008,ÅLESUND,62.472632173812336,6.204320589832393
Byfogd Rønnebergs veg 15B,6008,ÅLESUND,62.47261136451271,6.2042996370651124
Byfogd Rønnebergs veg 15C,6008,ÅLESUND,62.4725761051656,6.204333016165702
Byfogd Rønnebergs veg 15D,6008,ÅLESUND,62.4725840653931,6.204564373586462
Byfogd Rønnebergs veg 17,6008,ÅLESUND,62.47275219249189,6.204774149705674
Byfogd Rønnebergs veg 19,6008,ÅLESUND,62.4729474501172,6.205105205490763
Byfogd Rønnebergs veg 21,6008,ÅLESUND,62.473018357199756,6.205506116053359
Byfogd Rønnebergs veg 8,6008,ÅLESUND,62.47202057014192,6.204570903121969
Bøgata 10A,6008,ÅLESUND,62.472900602976345,6.217588081640681
Bøgata 10B,6008,ÅLESUND,62.47293136293062,6.217779283688579
Bøgata 11,6008,ÅLESUND,62.47345977380508,6.218603394944603
Bøgata 12A,6008,ÅLESUND,62.47296482695269,6.218106080943867
Bøgata 12B,6008,ÅLESUND,62.47297726913608,6.218279582525046
Bøgata 13A,6008,ÅLESUND,62.473753309501504,6.218333286613654
Bøgata 13B,6008,ÅLESUND,62.473746053295635,6.217645201866143
Bøgata 14,6008,ÅLESUND,62.47297525669825,6.2186290897500465
Bøgata 15A,6008,ÅLESUND,62.473324303756975,6.21926458338732
Bøgata 15B,6008,ÅLESUND,62.473569979562214,6.219175347427128
Bøgata 16,6008,ÅLESUND,62.4730145115158,6.219246449518343
Bøgata 17,6008,ÅLESUND,62.473570281639596,6.219641088207987
Bøgata 18,6008,ÅLESUND,62.47304132339106,6.219690308242296
Bøgata 19A,6008,ÅLESUND,62.47359747835348,6.220104326689911
Bøgata 19B,6008,ÅLESUND,62.473338913640234,6.220182333752904
Bøgata 19C,6008,ÅLESUND,62.47335149869553,6.220349614697785
Bøgata 20,6008,ÅLESUND,62.47308876688512,6.220268095237136
Bøgata 21,6008,ÅLESUND,62.47341297763131,6.2207619205623805
Bøgata 22A,6008,ÅLESUND,62.47303768326412,6.220652442215581
Bøgata 22B,6008,ÅLESUND,62.47304202690431,6.220744219923445
Bøgata 22C,6008,ÅLESUND,62.473050641566395,6.2209196313531
Bøgata 22D,6008,ÅLESUND,62.47304248791929,6.221012775146521
Bøgata 23,6008,ÅLESUND,62.47368193969031,6.220736902916511
Bøgata 24,6008,ÅLESUND,62.47315366351062,6.221271209098443
Bøgata 25,6008,ÅLESUND,62.47353956186053,6.221254728387861
Bøgata 26,6008,ÅLESUND,62.47324284100782,6.221689865589458
Bøgata 27,6008,ÅLESUND,62.47354882240391,6.221719635260252
Bøgata 28,6008,ÅLESUND,62.47332575216504,6.222244955030248
Bøgata 29,6008,ÅLESUND,62.4735951003185,6.222239321981133
Bøgata 30,6008,ÅLESUND,62.47336074857409,6.222649245924962
Bøgata 31,6008,ÅLESUND,62.473690445714844,6.222967927331164
Bøgata 33,6008,ÅLESUND,62.47376014494618,6.22331077760619
Bøgata 34A,6008,ÅLESUND,62.473525790025725,6.223720695524297
Bøgata 34B,6008,ÅLESUND,62.47360406733504,6.224043341591714
Bøgata 35,6008,ÅLESUND,62.47398090122912,6.224474105415364
Bøgata 36,6008,ÅLESUND,62.47367453483576,6.224424935958908
Bøgata 37,6008,ÅLESUND,62.473960557075394,6.224805918336731
Bøgata 39,6008,ÅLESUND,62.47400297017311,6.22513190247381
Bøgata 4,6008,ÅLESUND,62.47286721428938,6.216814926701395
Bøgata 42,6008,ÅLESUND,62.47366151294559,6.22512479925354
Bøgata 44A,6008,ÅLESUND,62.47370790082936,6.225953248563741
Bøgata 44B,6008,ÅLESUND,62.4736855043697,6.226294951242907
Bøgata 5,6008,ÅLESUND,62.47319195295023,6.216546751060279
Bøgata 7A,6008,ÅLESUND,62.47340194211842,6.216546208182413
Bøgata 7B,6008,ÅLESUND,62.47365701500075,6.216333809200615
Bøgata 7C,6008,ÅLESUND,62.47357385659336,6.2171178391384645
Bøgata 7D,6008,ÅLESUND,62.47357617531927,6.2172340655514695
Bøgata 7E,6008,ÅLESUND,62.47362927092351,6.2167439431022435
Bøgata 8,6008,ÅLESUND,62.47288468205864,6.217240245185968
Bøgata 9A,6008,ÅLESUND,62.47349185390819,6.217667320216261
Bøgata 9B,6008,ÅLESUND,62.4733967105973,6.218143498880055
Fagerlibakken 1,6008,ÅLESUND,62.47375339163227,6.222069349175623
Fagerlibakken 10A,6008,ÅLESUND,62.47510428184984,6.222700659871455
Fagerlibakken 10B,6008,ÅLESUND,62.47515142303735,6.222812725991639
Fagerlibakken 11,6008,ÅLESUND,62.474906071513146,6.221768098588435
Fagerlibakken 12,6008,ÅLESUND,62.47531598042197,6.222506307725903
Fagerlibakken 2,6008,ÅLESUND,62.47399170343844,6.2232116294690805
Fagerlibakken 3,6008,ÅLESUND,62.47385230363199,6.222525925724662
Fagerlibakken 4A,6008,ÅLESUND,62.47413669261843,6.223275784338425
Fagerlibakken 4B,6008,ÅLESUND,62.47417293990893,6.223291823150364
Fagerlibakken 5A,6008,ÅLESUND,62.4740354689537,6.222702972167524
Fagerlibakken 5B,6008,ÅLESUND,62.47402341794101,6.222548833921758
Fagerlibakken 6,6008,ÅLESUND,62.47434212605093,6.223217877603073
Fagerlibakken 9,6008,ÅLESUND,62.474231618702625,6.22037525334077
Fagerlivegen 1,6008,ÅLESUND,62.47271003963166,6.2204506227638685
Fagerlivegen 11A,6008,ÅLESUND,62.47409955557892,6.223783632422093
Fagerlivegen 11B,6008,ÅLESUND,62.47413360961625,6.223811325958428
Fagerlivegen 12,6008,ÅLESUND,62.47416956069336,6.2244759876405915
Fagerlivegen 13,6008,ÅLESUND,62.47431898830267,6.223860474926086
Fagerlivegen 14,6008,ÅLESUND,62.47440420362055,6.224531820868254
Fagerlivegen 15,6008,ÅLESUND,62.47449203002563,6.223980249925902
Fagerlivegen 17,6008,ÅLESUND,62.47464752629314,6.224121064079391
Fagerlivegen 21,6008,ÅLESUND,62.47512711758663,6.2252021699104825
Fagerlivegen 23,6008,ÅLESUND,62.47527557382455,6.225440687491142
Fagerlivegen 26,6008,ÅLESUND,62.47524412481595,6.226569275634711
Fagerlivegen 27A,6008,ÅLESUND,62.47573733014712,6.226077099177715
Fagerlivegen 27B,6008,ÅLESUND,62.47575872795967,6.226249788042588
Fagerlivegen 29A,6008,ÅLESUND,62.475810488390906,6.226594334280248
Fagerlivegen 29B,6008,ÅLESUND,62.47583969560593,6.226708073674576
Fagerlivegen 3,6008,ÅLESUND,62.47277527617806,6.2207630151225715
Fagerlivegen 30,6008,ÅLESUND,62.475581900057065,6.227294843182135
Fagerlivegen 31A,6008,ÅLESUND,62.47591950651915,6.227108243567469
Fagerlivegen 31B,6008,ÅLESUND,62.47593974787184,6.227222815952466
Fagerlivegen 32,6008,ÅLESUND,62.475676834420014,6.228004140993764
Fagerlivegen 33A,6008,ÅLESUND,62.47601840227114,6.227564870120799
Fagerlivegen 33B,6008,ÅLESUND,62.47604799370776,6.227697984113111
Fagerlivegen 34,6008,ÅLESUND,62.475899846787925,6.2283818910080475
Fagerlivegen 4A,6008,ÅLESUND,62.4724917668584,6.221410386868482
Fagerlivegen 4B,6008,ÅLESUND,62.47256966360748,6.221713645164231
Fagerlivegen 4C,6008,ÅLESUND,62.47266626208465,6.222053979151261
Fagerlivegen 5A,6008,ÅLESUND,62.47282381306846,6.221193012977123
Fagerlivegen 5B,6008,ÅLESUND,62.47289473328633,6.221799859491227
Fagerlivegen 6,6008,ÅLESUND,62.47282701479083,6.222621035896113
Fagerlivegen 7,6008,ÅLESUND,62.473117618880096,6.222167270301822
Fagerlivegen 8A,6008,ÅLESUND,62.473169294464434,6.222958142834932
Fagerlivegen 8B,6008,ÅLESUND,62.473256538930634,6.223279949883648
Fagerlivegen 8C,6008,ÅLESUND,62.47298140630276,6.22299501165343
Fagerlivegen 8D,6008,ÅLESUND,62.47320226364318,6.223711942363108
Fagerlivegen 9,6008,ÅLESUND,62.47399231130997,6.223625724196596
Hundsværgata 11A,6008,ÅLESUND,62.471188076975004,6.210994412807386
Hundsværgata 11B,6008,ÅLESUND,62.47125044698376,6.210969185996377
Hundsværgata 13A,6008,ÅLESUND,62.471026280899665,6.211716260524317
Hundsværgata 13B,6008,ÅLESUND,62.47105702395138,6.211627619728138
Hundsværgata 15A,6008,ÅLESUND,62.47111978130129,6.2116217637398154
Hundsværgata 15B,6008,ÅLESUND,62.47117318609606,6.211597374877463
Hundsværgata 17A,6008,ÅLESUND,62.47122697810803,6.211592355381407
Hundsværgata 17B,6008,ÅLESUND,62.471280770119364,6.211587335864836
Hundsværgata 19,6008,ÅLESUND,62.47129044982617,6.212071573312777
Hundsværgata 1A,6008,ÅLESUND,62.470934392834025,6.210435927499431
Hundsværgata 1B,6008,ÅLESUND,62.47098818479471,6.210430905965269
Hundsværgata 2,6008,ÅLESUND,62.47058495649106,6.20868326966952
Hundsværgata 21,6008,ÅLESUND,62.47111269163117,6.212165779619737
Hundsværgata 3A,6008,ÅLESUND,62.47104158937124,6.21040651509387
Hundsværgata 3B,6008,ÅLESUND,62.47109499394264,6.210382124133006
Hundsværgata 4,6008,ÅLESUND,62.470639472799405,6.2091633082037205
Hundsværgata 5A,6008,ÅLESUND,62.47114878589965,6.210377102467764
Hundsværgata 5B,6008,ÅLESUND,62.47120257785596,6.210372080782002
Hundsværgata 6A,6008,ÅLESUND,62.47069634418052,6.209590540204105
Hundsværgata 6B,6008,ÅLESUND,62.47070477035012,6.209796225431019
Hundsværgata 7A,6008,ÅLESUND,62.47096433099899,6.211034700962126
Hundsværgata 7B,6008,ÅLESUND,62.47101812298685,6.211029680498582
Hundsværgata 8,6008,ÅLESUND,62.47073781598065,6.211385731293648
Hundsværgata 9A,6008,ÅLESUND,62.47107191497405,6.21102466001452
Hundsværgata 9B,6008,ÅLESUND,62.47116129613576,6.211101508265784
Kolvikbakken 11A,6008,ÅLESUND,62.47253721313565,6.2167158354185865
Kolvikbakken 11B,6008,ÅLESUND,62.47261246286413,6.216737353601095
Kolvikbakken 11C,6008,ÅLESUND,62.47261898698389,6.2168122369710845
Kolvikbakken 11D,6008,ÅLESUND,62.47255888591919,6.216874695765084
Kolvikbakken 12,6008,ÅLESUND,62.47215315211429,6.216590343872106
Kolvikbakken 14,6008,ÅLESUND,62.472300000370524,6.21719766451737
Kolvikbakken 15,6008,ÅLESUND,62.47260946039294,6.217401721481341
Kolvikbakken 16,6008,ÅLESUND,62.472369713633505,6.21754048510982
Kolvikbakken 17,6008,ÅLESUND,62.47262847177733,6.217904518556091
Kolvikbakken 18,6008,ÅLESUND,62.47238370198184,6.2177914642139696
Kolvikbakken 19,6008,ÅLESUND,62.47266232179357,6.218250683150829
Kolvikbakken 1A,6008,ÅLESUND,62.47285801109573,6.21590367357348
Kolvikbakken 1B,6008,ÅLESUND,62.472690834816426,6.21562815265539
Kolvikbakken 1C,6008,ÅLESUND,62.4727096103204,6.215218866250498
Kolvikbakken 20,6008,ÅLESUND,62.47237118005949,6.218064317941959
Kolvikbakken 21,6008,ÅLESUND,62.472670819788085,6.218676834184439
Kolvikbakken 22,6008,ÅLESUND,62.4723777472283,6.2183936131857385
Kolvikbakken 23,6008,ÅLESUND,62.472600945013056,6.219226717748328
Kolvikbakken 24,6008,ÅLESUND,62.472301693922695,6.2186335676142255
Kolvikbakken 26,6008,ÅLESUND,62.4722949631914,6.219196974310539
Kolvikbakken 27,6008,ÅLESUND,62.47269244517943,6.219761583511363
Kolvikbakken 28,6008,ÅLESUND,62.472330740563606,6.219639988106378
Kolvikbakken 30,6008,ÅLESUND,62.47222414100152,6.220600808574586
Kolvikbakken 3A,6008,ÅLESUND,62.47301288565046,6.215112974537289
Kolvikbakken 3B,6008,ÅLESUND,62.47317967623834,6.215369124687984
Kolvikbakken 3C,6008,ÅLESUND,62.47308956405553,6.21580447135287
Kolvikbakken 5A,6008,ÅLESUND,62.4732253470192,6.214957324500328
Kolvikbakken 5B,6008,ÅLESUND,62.47345712518725,6.215107860774781
Kolvikbakken 7A,6008,ÅLESUND,62.473608008565115,6.215678533634456
Kolvikbakken 7B,6008,ÅLESUND,62.47340941993524,6.215660748092761
Kolvikbakken 8,6008,ÅLESUND,62.472309963865584,6.215896518169019
Kolvikbakken 9,6008,ÅLESUND,62.4725538880159,6.21641717016488
Krohnbakken 10,6008,ÅLESUND,62.47091755023363,6.194023432026876
Kråkeskaret 1,6008,ÅLESUND,62.47259257638624,6.21277917777101
Kråkeskaret 10,6008,ÅLESUND,62.47359370482208,6.21343357775881
Kråkeskaret 12,6008,ÅLESUND,62.4738141673608,6.213408082381883
Kråkeskaret 13,6008,ÅLESUND,62.47357593786407,6.212390855699063
Kråkeskaret 15,6008,ÅLESUND,62.47347122622179,6.212877261643465
Kråkeskaret 17,6008,ÅLESUND,62.47371251633945,6.212815939728852
Kråkeskaret 2,6008,ÅLESUND,62.47269156416824,6.213415742260157
Kråkeskaret 3,6008,ÅLESUND,62.4727298751458,6.212635907388035
Kråkeskaret 4,6008,ÅLESUND,62.47302682938778,6.213112781322666
Kråkeskaret 5,6008,ÅLESUND,62.47302108617021,6.2123758607392645
Kråkeskaret 6,6008,ÅLESUND,62.47326031535829,6.213110410920392
Kråkeskaret 8A,6008,ÅLESUND,62.473282822535275,6.213643554172715
Kråkeskaret 8B,6008,ÅLESUND,62.473289366260474,6.213755309954053
Kråkeskaret 9,6008,ÅLESUND,62.47350636160117,6.211979124628389
Liljevegen 10,6008,ÅLESUND,62.47305236204697,6.211693705914479
Liljevegen 11,6008,ÅLESUND,62.473089888686346,6.210875118350743
Liljevegen 13,6008,ÅLESUND,62.473315627422856,6.210485314523547
Liljevegen 14,6008,ÅLESUND,62.473304937096195,6.211388153287787
Liljevegen 15,6008,ÅLESUND,62.473305443867815,6.21087440419965
Liljevegen 16,6008,ÅLESUND,62.473564993671935,6.211277132613343
Liljevegen 2,6008,ÅLESUND,62.472561755324605,6.212062854356843
Liljevegen 3,6008,ÅLESUND,62.47258083840583,6.211574109820871
Liljevegen 4,6008,ÅLESUND,62.47269101785721,6.21197092016868
Liljevegen 7,6008,ÅLESUND,62.47290703907783,6.211163879869897
Nørvegata 10A,6008,ÅLESUND,62.470881220626815,6.188551510854542
Nørvegata 10B,6008,ÅLESUND,62.4708652406206,6.188846038445005
Nørvegata 10C,6008,ÅLESUND,62.47084966742472,6.189214268526367
Nørvegata 11A,6008,ÅLESUND,62.470804927666954,6.201690370979578
Nørvegata 11B,6008,ÅLESUND,62.470890991104774,6.201668727851875
Nørvegata 11C,6008,ÅLESUND,62.470885950355076,6.201359294648771
Nørvegata 12A,6008,ÅLESUND,62.4708254349614,6.189659862662613
Nørvegata 12B,6008,ÅLESUND,62.47081109702611,6.189974712096842
Nørvegata 12C,6008,ÅLESUND,62.470781869671306,6.190307354079
Nørvegata 14A,6008,ÅLESUND,62.47077291258392,6.190754522626397
Nørvegata 14B,6008,ÅLESUND,62.470752648542216,6.191086320753126
Nørvegata 14C,6008,ÅLESUND,62.47074051476894,6.191410514678966
Nørvegata 16A,6008,ÅLESUND,62.47072381301066,6.191884654818479
Nørvegata 16B,6008,ÅLESUND,62.47070354627403,6.192216451701681
Nørvegata 16C,6008,ÅLESUND,62.47069185407307,6.192528037085742
Nørvegata 18A,6008,ÅLESUND,62.47067392466346,6.192976045947326
Nørvegata 18B,6008,ÅLESUND,62.47065365532413,6.193307841602033
Nørvegata 18C,6008,ÅLESUND,62.470632995481914,6.193620268051846
Nørvegata 1A,6008,ÅLESUND,62.4713514806432,6.185440551113386
Nørvegata 1B,6008,ÅLESUND,62.471415911071446,6.186390225688965
Nørvegata 1C,6008,ÅLESUND,62.471721206531726,6.187071161890834
Nørvegata 22A,6008,ÅLESUND,62.470818870600766,6.2042175896662215
Nørvegata 22B,6008,ÅLESUND,62.470533534578344,6.204321905898556
Nørvegata 23,6008,ÅLESUND,62.471511717611904,6.206520277662798
Nørvegata 24,6008,ÅLESUND,62.47101917580041,6.204800420364641
Nørvegata 27,6008,ÅLESUND,62.47161761486211,6.2077717603935945
Nørvegata 28A,6008,ÅLESUND,62.470910001680416,6.20517933593838
Nørvegata 28B,6008,ÅLESUND,62.4707579799091,6.2052129593279615
Nørvegata 28C,6008,ÅLESUND,62.470588415647256,6.205267628222076
Nørvegata 29,6008,ÅLESUND,62.471643687688925,6.208176847841907
Nørvegata 30A,6008,ÅLESUND,62.470883217763316,6.20572092362402
Nørvegata 30B,6008,ÅLESUND,62.470902712062504,6.206093237467421
Nørvegata 30C,6008,ÅLESUND,62.47092015539192,6.2064214990618725
Nørvegata 31,6008,ÅLESUND,62.47169040338462,6.208715848967315
Nørvegata 32A,6008,ÅLESUND,62.47099856635295,6.207053773601033
Nørvegata 32B,6008,ÅLESUND,62.470864691426904,6.20710102174162
Nørvegata 32C,6008,ÅLESUND,62.470754512476695,6.207142949957621
Nørvegata 33,6008,ÅLESUND,62.4715905714922,6.209113291384578
Nørvegata 34A,6008,ÅLESUND,62.47059871887233,6.207575886976287
Nørvegata 34B,6008,ÅLESUND,62.47075772091056,6.207890919336981
Nørvegata 34C,6008,ÅLESUND,62.470581128798216,6.2080432556096765
Nørvegata 34D,6008,ÅLESUND,62.47063060769294,6.20827149561549
Nørvegata 34E,6008,ÅLESUND,62.47088256294259,6.208294336083981
Nørvegata 34F,6008,ÅLESUND,62.47079225900374,6.208301608145226
Nørvegata 36A,6008,ÅLESUND,62.47106641860537,6.208056130888107
Nørvegata 36B,6008,ÅLESUND,62.47106913251721,6.208191715958455
Nørvegata 36C,6008,ÅLESUND,62.47109912990162,6.208344157700587
Nørvegata 36D,6008,ÅLESUND,62.471093265873726,6.208499949783431
Nørvegata 36E,6008,ÅLESUND,62.47110533229761,6.208654066888855
Nørvegata 36F,6008,ÅLESUND,62.47110765801881,6.208770282872103
Nørvegata 38B,6008,ÅLESUND,62.470916285464504,6.208632915028918
Nørvegata 38C,6008,ÅLESUND,62.47086326883949,6.2086766781254505
Nørvegata 38D,6008,ÅLESUND,62.47081025219953,6.208720441064706
Nørvegata 39,6008,ÅLESUND,62.47172367286447,6.210827987444971
Nørvegata 40A,6008,ÅLESUND,62.471132565235244,6.209117256300146
Nørvegata 40B,6008,ÅLESUND,62.47114424343556,6.209252004510092
Nørvegata 40C,6008,ÅLESUND,62.47114734371301,6.209406959439457
Nørvegata 40D,6008,ÅLESUND,62.47115940913839,6.209561077214679
Nørvegata 40E,6008,ÅLESUND,62.47116250907315,6.209716032263378
Nørvegata 40F,6008,ÅLESUND,62.471219970759634,6.209858537399968
Nørvegata 41,6008,ÅLESUND,62.47171774809824,6.211430123740672
Nørvegata 42A,6008,ÅLESUND,62.470943906022015,6.209115470725667
Nørvegata 42B,6008,ÅLESUND,62.47091371464002,6.209200181273702
Nørvegata 42C,6008,ÅLESUND,62.470837484893345,6.2091836259763395
Nørvegata 42D,6008,ÅLESUND,62.47100485475567,6.209794433585645
Nørvegata 42E,6008,ÅLESUND,62.470946097646674,6.2098153229325215
Nørvegata 42F,6008,ÅLESUND,62.470905526639385,6.209889965063492
Nørvegata 43,6008,ÅLESUND,62.4717831562714,6.212006198263721
Nørvegata 47A,6008,ÅLESUND,62.4717998643842,6.212392758474888
Nørvegata 47B,6008,ÅLESUND,62.47181076525143,6.2124887713472505
Nørvegata 49,6008,ÅLESUND,62.47191867363692,6.212944449679624
Nørvegata 52,6008,ÅLESUND,62.47113991292823,6.212628972638938
Nørvegata 52A,6008,ÅLESUND,62.47132624970019,6.212514563147577
Nørvegata 54,6008,ÅLESUND,62.47138655802512,6.213285164618301
Nørvegata 54A,6008,ÅLESUND,62.471178033069215,6.2131881776530955
Nørvegata 54B,6008,ÅLESUND,62.47088372454846,6.213293245825284
Nørvegata 56,6008,ÅLESUND,62.471450415073875,6.2138604106527735
Nørvegata 56A,6008,ÅLESUND,62.471206798701594,6.2137288506082795
Nørvegata 56B,6008,ÅLESUND,62.47126309674698,6.214092113443293
Nørvegata 56C,6008,ÅLESUND,62.4709397727126,6.21385077517627
Nørvegata 56D,6008,ÅLESUND,62.47100168929417,6.214252516089945
Nørvegata 56E,6008,ÅLESUND,62.47119073546573,6.21427370355984
Nørvegata 57,6008,ÅLESUND,62.47198983439075,6.214087621876093
Nørvegata 58,6008,ÅLESUND,62.47148663348481,6.214410097117574
Nørvegata 58B,6008,ÅLESUND,62.471279160131616,6.214653572214081
Nørvegata 5A,6008,ÅLESUND,62.470892939294764,6.196720145615693
Nørvegata 5B,6008,ÅLESUND,62.47089059150049,6.197050259530085
Nørvegata 5C,6008,ÅLESUND,62.47089720815197,6.1973795325794105
Nørvegata 62,6008,ÅLESUND,62.47147400785958,6.214965307383651
Nørvegata 63,6008,ÅLESUND,62.47194888115302,6.216706401489386
Nørvegata 64,6008,ÅLESUND,62.47129230965578,6.215312136910773
Nørvegata 65,6008,ÅLESUND,62.472068446324315,6.21729685319482
Nørvegata 67,6008,ÅLESUND,62.4720425653588,6.2178230329876785
Nørvegata 68A,6008,ÅLESUND,62.47152456402914,6.215698013861682
Nørvegata 68B,6008,ÅLESUND,62.47155216023684,6.216180586508566
Nørvegata 69,6008,ÅLESUND,62.472176751527094,6.218128994016175
Nørvegata 70,6008,ÅLESUND,62.4715914257188,6.216797913441291
Nørvegata 71,6008,ÅLESUND,62.472133668977854,6.218765644191004
Nørvegata 72A,6008,ÅLESUND,62.4716415858961,6.217511256312922
Nørvegata 72B,6008,ÅLESUND,62.47136327271535,6.217517765963379
Nørvegata 74A,6008,ÅLESUND,62.4717127847973,6.218108730480905
Nørvegata 74B,6008,ÅLESUND,62.47142981473751,6.218151956712111
Nørvegata 77,6008,ÅLESUND,62.472242545112266,6.220172161068717
Nørvegata 78A,6008,ÅLESUND,62.47178240149067,6.219361303015067
Nørvegata 78B,6008,ÅLESUND,62.47179750503828,6.219510681282631
Nørvegata 7A,6008,ÅLESUND,62.47088626706502,6.198176184164315
Nørvegata 7B,6008,ÅLESUND,62.47088430485883,6.1985256669963205
Nørvegata 7C,6008,ÅLESUND,62.47088273076,6.1988945188278795
Nørvegata 80,6008,ÅLESUND,62.4718186008663,6.219938170799427
Nørvegata 9A,6008,ÅLESUND,62.470893621194456,6.199436851709282
Nørvegata 9B,6008,ÅLESUND,62.47089204468705,6.1998057036690595
Nørvelia 11,6008,ÅLESUND,62.47318042754967,6.210012764775144
Nørvelia 2A,6008,ÅLESUND,62.47250226710536,6.210347486164104
Nørvelia 2B,6008,ÅLESUND,62.47255302860638,6.210476060250839
Nørvelia 4,6008,ÅLESUND,62.472730557034474,6.210423495234985
Nørvelia 5,6008,ÅLESUND,62.47284837662005,6.209578009477179
Nørvelia 8,6008,ÅLESUND,62.47298042392153,6.210341947622367
Nørvelia 9A,6008,ÅLESUND,62.47309341138064,6.20954735814454
Nørvelia 9B,6008,ÅLESUND,62.47314713522037,6.209500551639463
Nørvevika 30,6008,ÅLESUND,62.469835696830245,6.2080148459602
Nørvevika 4,6008,ÅLESUND,62.46936875691446,6.202586046540301
Nørvevika 40,6008,ÅLESUND,62.46983132535352,6.21007318276162
Nørvevika 42,6008,ÅLESUND,62.46992247286593,6.210588601674959
Nørvevika 50,6008,ÅLESUND,62.46997731141761,6.211534317271825
Nørvevika 56,6008,ÅLESUND,62.46992059499668,6.213446900573879
Nørvevika 62,6008,ÅLESUND,62.47024543625948,6.214614088226934
Nørvevika 78,6008,ÅLESUND,62.47051318508692,6.217228223115355
P.A. Musæus veg 10,6008,ÅLESUND,62.46842054229556,6.19303246771049
P.A. Musæus veg 11,6008,ÅLESUND,62.46818120879461,6.192298198865914
P.A. Musæus veg 12,6008,ÅLESUND,62.468418983128075,6.192954998387567
P.A. Musæus veg 13,6008,ÅLESUND,62.46813716260451,6.192341144428081
P.A. Musæus veg 14,6008,ÅLESUND,62.46842521967688,6.1928185849827315
P.A. Musæus veg 15,6008,ÅLESUND,62.46808415120786,6.192384932092521
P.A. Musæus veg 16,6008,ÅLESUND,62.46842405021622,6.192760482991233
P.A. Musæus veg 17,6008,ÅLESUND,62.468030749925994,6.192409352530183
P.A. Musæus veg 18,6008,ÅLESUND,62.4684127460284,6.192645121187639
P.A. Musæus veg 19,6008,ÅLESUND,62.46798553409023,6.192394196586219
P.A. Musæus veg 2,6008,ÅLESUND,62.46877680769852,6.191989988066136
P.A. Musæus veg 20,6008,ÅLESUND,62.46845016453509,6.192272930827915
P.A. Musæus veg 21,6008,ÅLESUND,62.46817302056394,6.191891488533113
P.A. Musæus veg 22,6008,ÅLESUND,62.468414303770636,6.192276299929477
P.A. Musæus veg 23,6008,ÅLESUND,62.46813793969108,6.191933592312479
P.A. Musæus veg 24,6008,ÅLESUND,62.46840104961324,6.192064101833541
P.A. Musæus veg 25,6008,ÅLESUND,62.46808453849325,6.191958013600755
P.A. Musæus veg 26,6008,ÅLESUND,62.46840728529037,6.191927688347006
P.A. Musæus veg 27,6008,ÅLESUND,62.46803152721978,6.192001801862065
P.A. Musæus veg 28,6008,ÅLESUND,62.46840416568647,6.191772749925571
P.A. Musæus veg 29,6008,ÅLESUND,62.467986311343104,6.19198664653529
P.A. Musæus veg 30,6008,ÅLESUND,62.46839208072456,6.191618654011716
P.A. Musæus veg 31,6008,ÅLESUND,62.46816405114271,6.191446044173194
P.A. Musæus veg 32,6008,ÅLESUND,62.468398705966024,6.191501607776417
P.A. Musæus veg 33,6008,ÅLESUND,62.468120395219835,6.191508358070895
P.A. Musæus veg 34,6008,ÅLESUND,62.46838506060319,6.1912700428846135
P.A. Musæus veg 35,6008,ÅLESUND,62.468066994100376,6.191532780101747
P.A. Musæus veg 37,6008,ÅLESUND,62.468013982964244,6.191576569087216
P.A. Musæus veg 39,6008,ÅLESUND,62.46797773223108,6.1915605719401565
P.A. Musæus veg 3A,6008,ÅLESUND,62.46922478615472,6.193397602895474
P.A. Musæus veg 3B,6008,ÅLESUND,62.46921920850222,6.193285580864775
P.A. Musæus veg 4,6008,ÅLESUND,62.4686774145871,6.192853108102608
P.A. Musæus veg 5,6008,ÅLESUND,62.46895143782656,6.193079624266612
P.A. Musæus veg 6,6008,ÅLESUND,62.46846731718267,6.193125094275615
P.A. Musæus veg 7,6008,ÅLESUND,62.46888010501407,6.193552025866294
P.A. Musæus veg 8,6008,ÅLESUND,62.468422880966195,6.193148671712079
Per Bolstads veg 1,6008,ÅLESUND,62.4754236443826,6.225659835027155
Per Bolstads veg 10A,6008,ÅLESUND,62.47570334345115,6.223449334623847
Per Bolstads veg 10B,6008,ÅLESUND,62.47565806193942,6.223285988022376
Per Bolstads veg 11A,6008,ÅLESUND,62.47539477409425,6.223071330304192
Per Bolstads veg 11B,6008,ÅLESUND,62.4753449894057,6.222949834852956
Per Bolstads veg 12A,6008,ÅLESUND,62.47568658368617,6.222930668740795
Per Bolstads veg 12B,6008,ÅLESUND,62.4756531005936,6.222746684447521
Per Bolstads veg 14A,6008,ÅLESUND,62.47567151103022,6.222317988862272
Per Bolstads veg 14B,6008,ÅLESUND,62.47561151923374,6.222308992008969
Per Bolstads veg 2A,6008,ÅLESUND,62.47575690666652,6.225706522041839
Per Bolstads veg 2B,6008,ÅLESUND,62.47572114836044,6.225516340974902
Per Bolstads veg 3A,6008,ÅLESUND,62.475488004752464,6.2251294483247435
Per Bolstads veg 3B,6008,ÅLESUND,62.4753832615211,6.224984299327421
Per Bolstads veg 4A,6008,ÅLESUND,62.47573022305843,6.2251597425663805
Per Bolstads veg 4B,6008,ÅLESUND,62.47576993120747,6.225006609833599
Per Bolstads veg 5,6008,ÅLESUND,62.4754094879674,6.224496658841112
Per Bolstads veg 6A,6008,ÅLESUND,62.47574977395388,6.224598382526407
Per Bolstads veg 6B,6008,ÅLESUND,62.47576771962146,6.2244439712180695
Per Bolstads veg 7A,6008,ÅLESUND,62.475418938380976,6.2240688006897
Per Bolstads veg 7B,6008,ÅLESUND,62.47537256922157,6.223995476259834
Per Bolstads veg 8A,6008,ÅLESUND,62.475783822143335,6.223899039229583
Per Bolstads veg 8B,6008,ÅLESUND,62.4757370673531,6.223806341605693
Per Bolstads veg 9,6008,ÅLESUND,62.4753637016837,6.223549912467027
Sjømannsvegen 10,6008,ÅLESUND,62.46971230286827,6.191611013496459
Sjømannsvegen 13,6008,ÅLESUND,62.46888243593356,6.191436744016735
Sjømannsvegen 13B,6008,ÅLESUND,62.468949643979066,6.191143438195174
Sjømannsvegen 13C,6008,ÅLESUND,62.46870608675213,6.191127521514827
Sjømannsvegen 13D,6008,ÅLESUND,62.46874873817926,6.191488117128674
Sjømannsvegen 14,6008,ÅLESUND,62.47026932580881,6.187230298206061
Sjømannsvegen 16,6008,ÅLESUND,62.47005657535607,6.183739016803487
Sjømannsvegen 17A,6008,ÅLESUND,62.46868501244874,6.19071891079093
Sjømannsvegen 17B,6008,ÅLESUND,62.46865921241555,6.190102538604752
Sjømannsvegen 17C,6008,ÅLESUND,62.4686393616893,6.189482891223956
Sjømannsvegen 17D,6008,ÅLESUND,62.46897492909972,6.189495962720903
Sjømannsvegen 17E,6008,ÅLESUND,62.469016427993395,6.189727822954485
Sjømannsvegen 17F,6008,ÅLESUND,62.46900735510125,6.1903430179232455
Sjømannsvegen 17G,6008,ÅLESUND,62.469048938423256,6.190579140512571
Sjømannsvegen 19,6008,ÅLESUND,62.468327744138996,6.1902082149392825
Sjømannsvegen 1B,6008,ÅLESUND,62.46972285510976,6.196443946212779
Sjømannsvegen 1C,6008,ÅLESUND,62.469354813284674,6.1970584744615245
Sjømannsvegen 1D,6008,ÅLESUND,62.46942852934232,6.194917057836142
Sjømannsvegen 21,6008,ÅLESUND,62.468051188672995,6.188844520410459
Sjømannsvegen 23,6008,ÅLESUND,62.468321925211534,6.188827397555644
Sjømannsvegen 25,6008,ÅLESUND,62.46860643065332,6.1888605940506025
Sjømannsvegen 27,6008,ÅLESUND,62.468205579508684,6.187863686275105
Sjømannsvegen 29,6008,ÅLESUND,62.46853733211994,6.187803363039188
Sjømannsvegen 31,6008,ÅLESUND,62.468844615027116,6.188329215380603
Sjømannsvegen 3A,6008,ÅLESUND,62.46912382013561,6.193906166076824
Sjømannsvegen 3B,6008,ÅLESUND,62.46913180752502,6.193812080933749
Sjømannsvegen 3C,6008,ÅLESUND,62.46915247486423,6.1936964304059465
Sjømannsvegen 47,6008,ÅLESUND,62.46858791411856,6.184847625488976
Sjømannsvegen 5A,6008,ÅLESUND,62.46943477616484,6.193888028321161
Sjømannsvegen 5B,6008,ÅLESUND,62.46945582385621,6.194041288798365
Sjømannsvegen 7,6008,ÅLESUND,62.469559511517716,6.193391198777947
Sjømannsvegen 7B,6008,ÅLESUND,62.46939789184976,6.193239203479532
Sjømannsvegen 9,6008,ÅLESUND,62.46934700608834,6.192468294291175
Stoknesvegen 10,6008,ÅLESUND,62.471733870610464,6.210335817056729
Stoknesvegen 11,6008,ÅLESUND,62.471862695862484,6.210301527787687
Stoknesvegen 13,6008,ÅLESUND,62.47191175665883,6.2102889910320265
Stoknesvegen 15,6008,ÅLESUND,62.47197669824941,6.210271090379415
Stoknesvegen 17,6008,ÅLESUND,62.472023888495144,6.210254846933786
Stoknesvegen 19,6008,ÅLESUND,62.472089765353196,6.2102387994308845
Stoknesvegen 2,6008,ÅLESUND,62.47204948582075,6.209175191201096
Stoknesvegen 21,6008,ÅLESUND,62.47214011282787,6.21022323141001
Stoknesvegen 23,6008,ÅLESUND,62.47198095599527,6.210668129582036
Stoknesvegen 25,6008,ÅLESUND,62.47200292387042,6.2110623940363645
Stoknesvegen 8,6008,ÅLESUND,62.47163978042834,6.209588293546114
Svingen 1,6008,ÅLESUND,62.47503833585301,6.224802848561777
Svingen 11A,6008,ÅLESUND,62.47466892777587,6.222488827729194
Svingen 11B,6008,ÅLESUND,62.474621400600235,6.222357392084414
Svingen 12,6008,ÅLESUND,62.47435281607874,6.222615227042392
Svingen 13,6008,ÅLESUND,62.47448113305296,6.222079318073596
Svingen 14A,6008,ÅLESUND,62.47422266057459,6.222437701392133
Svingen 14B,6008,ÅLESUND,62.474199254709795,6.222357821782168
Svingen 15,6008,ÅLESUND,62.474358024144685,6.221760836096652
Svingen 16,6008,ÅLESUND,62.47403912744443,6.2219845614780604
Svingen 17,6008,ÅLESUND,62.4741312786053,6.221199698347598
Svingen 18,6008,ÅLESUND,62.47391717582572,6.221724198654042
Svingen 1A,6008,ÅLESUND,62.47503833585301,6.224802848561777
Svingen 1B,6008,ÅLESUND,62.47506291968815,6.224684117335761
Svingen 2,6008,ÅLESUND,62.474812373324454,6.224280418754956
Svingen 20,6008,ÅLESUND,62.47389315439409,6.221266074650936
Svingen 21,6008,ÅLESUND,62.473902301841065,6.220075966393306
Svingen 23,6008,ÅLESUND,62.47382757516268,6.219481295678448
Svingen 29,6008,ÅLESUND,62.47378205938737,6.2190003519194885
Svingen 3,6008,ÅLESUND,62.47511681235785,6.2242327273819065
Svingen 4,6008,ÅLESUND,62.47478287708727,6.223700925559898
Svingen 5,6008,ÅLESUND,62.4750892436622,6.223750089125056
Svingen 6,6008,ÅLESUND,62.47466912284778,6.223400972333526
Svingen 7,6008,ÅLESUND,62.47498059891473,6.223255578679771
Svingen 8,6008,ÅLESUND,62.474548837761326,6.223179064793238
Svingen 9,6008,ÅLESUND,62.474829825070344,6.22290084250016
Volsdalsberga 1,6008,ÅLESUND,62.46891018214955,6.2012692147274295
Volsdalsberga 12,6008,ÅLESUND,62.46908706585907,6.197593083446462
Volsdalsberga 3,6008,ÅLESUND,62.4695755576869,6.198658919101011
Volsdalsberga 4,6008,ÅLESUND,62.46956937266102,6.198170722660806
Volsdalsberga 6,6008,ÅLESUND,62.46947091665929,6.19791445559254
Vågavegen 13A,6008,ÅLESUND,62.471764227005,6.222312489469245
Vågavegen 13B,6008,ÅLESUND,62.4717844722025,6.222427042649944
Vågavegen 13C,6008,ÅLESUND,62.47179536618405,6.222523059305837
Vågavegen 13D,6008,ÅLESUND,62.47179768037286,6.222639279339241
Vågavegen 15,6008,ÅLESUND,62.47184867817465,6.222945033520141
Vågavegen 17,6008,ÅLESUND,62.47187904516269,6.223116864495755
Vågavegen 2,6008,ÅLESUND,62.47165579973806,6.21867428113078
Vågavegen 21A,6008,ÅLESUND,62.47207772997722,6.223622363488624
Vågavegen 21B,6008,ÅLESUND,62.472371078382565,6.224371355794794
Vågavegen 25,6008,ÅLESUND,62.47203093331397,6.22546407054557
Vågavegen 27,6008,ÅLESUND,62.4717494097559,6.22721072739827
Vågavegen 29,6008,ÅLESUND,62.472266650555675,6.227715222828254
Vågavegen 4,6008,ÅLESUND,62.47150570550387,6.218804685670831
Vågavegen 5A,6008,ÅLESUND,62.47183626312268,6.22039625343368
Vågavegen 5B,6008,ÅLESUND,62.47181447197485,6.220524224661896
Vågavegen 7,6008,ÅLESUND,62.47178533405538,6.2208244268798865
Vågavegen 9A,6008,ÅLESUND,62.47172384390557,6.221195945577598
Vågavegen 9B,6008,ÅLESUND,62.47173152127468,6.221473123042293
Width Endresens veg 10,6008,ÅLESUND,62.47351226344309,6.214261620347548
Width Endresens veg 12,6008,ÅLESUND,62.473748890397445,6.214187159295722
Width Endresens veg 2A,6008,ÅLESUND,62.472775365541,6.214665159765058
Width Endresens veg 2B,6008,ÅLESUND,62.47277073988094,6.21481590276994
Width Endresens veg 6,6008,ÅLESUND,62.47309787353081,6.2144256222781635
Width Endresens veg 8A,6008,ÅLESUND,62.47326676141409,6.214332444002511
Width Endresens veg 8B,6008,ÅLESUND,62.47327959511295,6.214525316476989
